108,Cyberpunk 2077,CD Projekt Red,2020
104,The Witcher 3 Wild Hunt,CD Projekt Red,2015
112,Hollow Knight,Team Cherry,2017
102,Red Dead Redemption 2,Rockstar Games,2018
106,Grand Theft Auto V,Rockstar Games,2013
110,Dark Souls III,FromSoftware,2016
114,Death Stranding,Kojima Productions,2019
101,The Legend of Zelda Breath of the Wild,Nintendo,2017
103,God of War,Santa Monica Studio,2018
105,Elden Ring,FromSoftware,2022
107,Minecraft,Mojang Studios,2011
109,Halo Infinite,343 Industries,2021
111,Spider-Man,Insomniac Games,2018
113,Sekiro Shadows Die Twice,FromSoftware,2019
115,Ghost of Tsushima,Sucker Punch Productions,2020
